ID,Nom,Habitants par km² de surface totale,Population
1,Aeugst am Albis,81.8,647
10,Obfelden,118.7,896
100,Stadel,112.6,1452
1001,Doppleschwand,95.8,668
1002,Entlebuch,54.2,3085
1003,Escholzmatt,54.6,3348
1004,Flühli,15.6,1691
1005,Hasle (LU),38.9,1567
1006,Marbach (LU),41,1850
1007,Romoos,43.7,1629
1008,Schüpfheim,81.4,3125
1009,Werthenstein,112.2,1769
101,Steinmaur,98.4,925
102,Weiach,74.9,716
1021,Aesch (LU),182.7,844
1022,Altwis,127.4,372
1023,Ballwil,114.7,1004
1024,Emmen,86.8,1764
1025,Ermensee,125,709
1026,Eschenbach (LU),92.9,1229
1030,Hitzkirch,119.6,2954
1031,Hochdorf,142.4,1370
1032,Hohenrain,96.9,2252
1033,Inwil,79.2,817
1037,Rain,92.8,872
1039,Römerswil,87.5,1451
1040,Rothenburg,86.1,1341
1041,Schongau,86.5,1077
1051,Adligenswil,87,608
1052,Buchrain,64.9,312
1053,Dierikon,109.4,304
1054,Ebikon,88.2,854
1055,Gisikon,141.7,153
1056,Greppen,86.5,287
1057,Honau,96,120
1058,Horw,97.7,1254
1059,Kriens,98.5,2693
1061,Luzern,391.7,11382
1062,Malters,123.1,3524
1063,Meggen,120.1,874
1064,Meierskappel,78.8,535
1065,Root,120.6,1044
1066,Schwarzenberg,35,1375
1067,Udligenswil,83.8,522
1068,Vitznau,65,579
1069,Weggis,108.2,1279
1081,Beromünster,107.1,3143
1082,Büron,213.9,1157
1083,Buttisholz,111.1,1860
1084,Eich,92.8,551
1085,Geuensee,119.4,770
1086,Grosswangen,138.2,2724
1088,Hildisrieden,94.5,666
1089,Knutwil,135.3,1316
1091,Mauensee,88.3,632
1092,Neudorf,66.4,850
1093,Neuenkirch,94.7,2413
1094,Nottwil,117.8,1212
1095,Oberkirch,125.4,1141
1096,Pfeffikon,199.2,496
1097,Rickenbach (LU),113.1,1060
1098,Ruswil,96,4340
1099,Schenkon,100.2,671
11,Ottenbach,233.3,1169
1100,Schlierbach,91.1,653
1102,Sempach,121.9,1086
1103,Sursee,277.7,1627
1104,Triengen,162.3,3581
1107,Wolhusen,111.9,1600
111,Bäretswil,145.9,3237
112,Bubikon,137.2,1591
1121,Alberswil,121.5,429
1122,Altbüron,175.2,1184
1123,Altishofen,154.9,892
1125,Dagmersellen,137.7,3291
1126,Ebersecken,68.1,583
1127,Egolzwil,138.1,576
1128,Ettiswil,118.3,1487
1129,Fischbach,99.5,801
113,Dürnten,162.7,1663
1130,Gettnau,110.5,671
1131,Grossdietwil,126.8,1292
1132,Hergiswil bei Willisau,79.4,2487
1135,Luthern,53,2002
1136,Menznau,77,2337
1137,Nebikon,155,578
1138,Ohmstal,93.5,416
1139,Pfaffnau,107,1885
114,Fischenthal,79.1,2394
1140,Reiden,124.7,3366
1142,Roggliswil,141.6,879
1143,Schötz,134.3,1462
1145,Ufhusen,81.9,1003
1146,Wauwil,165.7,487
1147,Wikon,115,952
115,Gossau (ZH),169.1,3089
1150,Zell (LU),97.5,1355
1151,Willisau,106.8,4392
116,Grüningen,192.8,1695
117,Hinwil,120.9,2697
118,Rüti (ZH),128.4,1292
119,Seegräben,100.5,379
12,Rifferswil,71.3,464
120,Wald (ZH),150.8,3808
1201,Altdorf (UR),206.9,2112
1202,Andermatt,10.9,677
1203,Attinghausen,11,516
1204,Bauen,46.3,175
1205,Bürglen (UR),24.4,1294
1206,Erstfeld,15.5,916
1207,Flüelen,48.3,600
1208,Göschenen,6.7,–
1209,Gurtnellen,8.1,675
121,Wetzikon (ZH),200.8,3364
1210,Hospental,12.1,424
1211,Isenthal,8.2,502
1212,Realp,2.6,203
1213,Schattdorf,50.4,822
1214,Seedorf (UR),27.2,420
1215,Seelisberg,48.7,649
1216,Silenen,10.7,1542
1217,Sisikon,15,245
1218,Spiringen,14,909
1219,Unterschächen,5.9,475
1220,Wassen,6.7,1349
13,Stallikon,73,879
1301,Einsiedeln,68.9,6821
131,Adliswil,157.1,1221
1311,Gersau,110.3,1585
132,Hirzel,125.4,1219
1321,Feusisberg,56.6,991
1322,Freienbach,149.4,2058
1323,Wollerau,185.4,1168
133,Horgen,229.5,4844
1331,Küssnacht (SZ),95,2788
134,Hütten,98.5,718
1341,Altendorf,68.8,1403
1342,Galgenen,101.1,1343
1343,Innerthal,6,302
1344,Lachen,622.3,1506
1345,Reichenburg,83.4,967
1346,Schübelbach,70.4,2041
1347,Tuggen,85.9,1161
1348,Vorderthal,22.7,636
1349,Wangen (SZ),158.6,1345
135,Kilchberg (ZH),442.3,1141
136,Langnau am Albis,138.1,1197
1361,Alpthal,17.1,390
1362,Arth,52.2,2196
1363,Illgau,22.6,246
1364,Ingenbohl,115.3,1548
1365,Lauerz,51.4,474
1366,Morschach,22.2,462
1367,Muotathal,9.8,1680
1368,Oberiberg,20.7,–
1369,Riemenstalden,10.1,113
137,Oberrieden,298.2,832
1370,Rothenthurm,40.6,925
1371,Sattel,58.9,1023
1372,Schwyz,102,5432
1373,Steinen,132.6,1570
1374,Steinerberg,51,352
1375,Unteriberg,20.7,1642
138,Richterswil,424.8,3203
139,Rüschlikon,310.2,909
14,Wettswil am Albis,85.4,321
140,Schönenberg (ZH),133.9,1468
1401,Alpnach,30.2,1622
1402,Engelberg,23.2,1737
1403,Giswil,18.7,1610
1404,Kerns,27.1,2509
1405,Lungern,30.4,1413
1406,Sachseln,27.9,1506
1407,Sarnen,46.5,3402
141,Thalwil,343.5,1889
142,Wädenswil,335.9,5841
1501,Beckenried,55.4,1342
1502,Buochs,129.1,1284
1503,Dallenwil,47.3,731
1504,Emmetten,26.4,659
1505,Ennetbürgen,94.3,880
1506,Ennetmoos,50.6,712
1507,Hergiswil (NW),56.2,804
1508,Oberdorf (NW),59.8,971
1509,Stans,169.3,1877
151,Erlenbach (ZH),338.4,978
1510,Stansstad,85.4,778
1511,Wolfenschiessen,14,1301
152,Herrliberg,127.4,1144
153,Hombrechtikon,217.5,2649
154,Küsnacht (ZH),201.3,2486
155,Männedorf,499.4,2382
156,Meilen,256.7,3065
157,Oetwil am See,189.8,1158
158,Stäfa,431.8,3705
159,Uetikon am See,324,1121
160,Zumikon,130,711
1601,Betschwanden,26.1,254
1602,Bilten,43.1,681
1603,Braunwald,49.5,–
1605,Elm,11.6,1051
1606,Engi,29.4,1197
1607,Ennenda,104.1,2313
1608,Filzbach,35.2,–
1609,Glarus,58.9,4082
161,Zollikon,167.4,1316
1610,Haslen,88.2,1399
1613,Linthal,13.3,1745
1614,Luchsingen,51.2,1571
1615,Matt,16,659
1616,Mitlödi,104.2,649
1617,Mollis,93.3,2041
1618,Mühlehorn,35.2,1597
1619,Näfels,50.6,1869
1620,Netstal,196.7,2101
1622,Niederurnen,106.7,1505
1623,Oberurnen,54,691
1624,Obstalden,35.2,
1625,Riedern,224.3,341
1626,Rüti (GL),49.5,809
1627,Schwanden (GL),74.9,2296
1628,Schwändi,237.9,823
1629,Sool,40.6,539
1701,Baar,94.5,2346
1702,Cham,74.6,1321
1703,Hünenberg,55.9,1032
1704,Menzingen,76.8,2112
1705,Neuheim,96.5,764
1706,Oberägeri,60.2,1807
1707,Risch,67.6,1005
1708,Steinhausen,97,490
1709,Unterägeri,87.7,2243
171,Bauma,143.8,2993
1710,Walchwil,76.7,1039
1711,Zug,152.8,3302
172,Fehraltorf,107,1014
173,Hittnau,140.1,1817
174,Illnau-Effretikon,112.5,2845
175,Kyburg,49,374
176,Lindau,87.7,1051
177,Pfäffikon,148.1,2896
178,Russikon,132,1876
179,Sternenberg,153.9,1342
180,Weisslingen,119.3,1528
181,Wila,123.1,1131
182,Wildberg,93.8,990
191,Dübendorf,148.2,2018
192,Egg,174,2523
193,Fällanden,132.9,848
194,Greifensee,170.7,396
195,Maur,133,1965
196,Mönchaltorf,151.1,1148
197,Schwerzenbach,82.3,218
198,Uster,178.1,5081
199,Volketswil,144.6,2028
2,Affoltern am Albis,174.8,1855
200,Wangen-Brüttisellen,98.5,780
2004,Bussy (FR),65.8,237
2005,Châbles,75.7,359
2008,Châtillon (FR),119.9,157
2009,Cheiry,64.5,418
2010,Cheyres,74.3,381
2011,Cugy (FR),70.4,694
2013,Domdidier,83.4,743
2014,Dompierre (FR),96.9,431
2015,Estavayer-le-Lac,207,1323
2016,Fétigny,76,310
2017,Font,93.2,233
2022,Gletterens,86,251
2024,Léchelles,46.5,407
2025,Lully (FR),67.3,370
2027,Ménières,55.9,245
2029,Montagny (FR),69.3,1214
2033,Morens (FR),41.9,109
2034,Murist,81.2,666
2035,Nuvilly,97.5,390
2038,Prévondavaux,82.2,148
2039,Rueyres-les-Prés,53.3,169
2040,Russy,49.5,183
2041,Saint-Aubin (FR),85.8,676
2043,Sévaz,25.6,64
2044,Surpierre,69.1,333
2045,Vallon,42.7,150
2047,Villeneuve (FR),83.6,295
2049,Vuissens,50.6,284
2050,Les Montets,99.9,1030
2051,Delley-Portalban,62.8,456
2052,Vernay,53.3,442
2061,Auboranges,71,137
2063,Billens-Hennens,69,336
2066,Chapelle (Glâne),85.2,173
2067,Le Châtelard,56.9,427
2068,Châtonnaye,58.8,371
2072,Ecublens (FR),58,284
2079,Grangettes,57.4,190
2086,Massonnens,80.9,344
2087,Mézières (FR),50.7,453
2089,Montet (Glâne),74.9,164
2096,Romont (FR),140.2,1527
2097,Rue,89,998
2099,Siviriez,67.3,1364
21,Adlikon,89.1,915
2102,Ursy,70.8,632
211,Altikon,58.8,452
2111,Villaz-Saint-Pierre,74.1,414
2112,Vuarmarens,60.2,363
2113,Vuisternens-devant-Romont,70.2,1690
2114,Villorsonnens,59.2,916
2115,Torny,53.5,545
2116,La Folliaz,60.5,596
212,Bertschikon,97.7,949
2121,Haut-Intyamon,22.7,1374
2122,Pont-en-Ogoz,103,1032
2123,Botterens,43.9,182
2124,Broc,40.4,406
2125,Bulle,101.6,2426
2126,Cerniat (FR),14.8,498
2127,Charmey,10.9,852
2128,Châtel-sur-Montsalvens,55.4,113
2129,Corbières,55.7,231
213,Brütten,77.9,515
2130,Crésuz,62.4,111
2131,Echarlens,95,440
2134,Grandvillard,17.3,419
2135,Gruyères,34.3,972
2137,Hauteville,47.5,500
2138,Jaun,9.9,547
214,Dägerlen,65.8,524
2140,Marsens,70.7,552
2143,Morlon,112.1,278
2145,Le Pâquier (FR),67,301
2147,Pont-la-Ville,88.2,381
2148,Riaz,76.4,593
2149,La Roche,44,1061
215,Dättlikon,137,396
2152,Sâles,53.5,1006
2153,Sorens,69.4,605
2155,Vaulruz,48.8,496
2159,Villarvolard,47,256
216,Dinhard,104.5,738
2160,Vuadens,90.8,948
2162,Bas-Intyamon,17.5,582
217,Elgg,75.8,1182
2171,Arconciel,46.2,285
2172,Autafond,41.7,101
2173,Autigny,73.6,458
2174,Avry,65.2,380
2175,Belfaux,73.4,474
2177,Chénens,66.6,263
2179,Chésopelloz,72.8,118
218,Ellikon an der Thur,121.1,608
2183,Corminboeuf,59.6,335
2184,Corpataux-Magnedens,92.9,406
2185,Corserey,50,172
2186,Cottens (FR),53.9,268
2189,Ependes (FR),83.4,468
219,Elsau,112.8,909
2192,Farvagny,69.9,701
2194,Ferpicloz,116.8,118
2196,Fribourg,974.7,9065
2197,Givisiez,43.6,151
2198,Granges-Paccot,45,180
22,Benken (ZH),104.2,590
220,Hagenbuch,78.3,636
2200,Grolley,80.7,431
2206,Marly,56.5,435
2208,Matran,109.8,314
221,Hettlingen,82.9,489
2211,Neyruz (FR),80.1,444
2213,Noréaz,55.2,381
2216,Pierrafortscha,37,187
2217,Ponthaux,37.7,223
222,Hofstetten (ZH),66.6,587
2220,Le Mouret,60.5,1122
2221,Prez-vers-Noréaz,60.7,345
2222,Rossens (FR),66.3,338
2223,Le Glèbe,74.5,772
2225,Senèdes,122,61
2226,Treyvaux,75.9,868
2228,Villars-sur-Glâne,61,335
223,Neftenbach,99.2,1490
2230,Villarsel-sur-Marly,58.9,83
2231,Vuisternens-en-Ogoz,86.8,537
2233,Hauterive (FR),53.8,642
2234,La Brillaz,60.2,619
2235,La Sonnaz,61.2,422
224,Pfungen,104.8,522
2243,Barberêche,42.4,389
2244,Büchslen,123.2,191
225,Rickenbach (ZH),63.7,385
2250,Courgevaux,87.2,293
2251,Courlevon,64.4,210
2254,Courtepin,77.8,316
2257,Cressier (FR),78.2,326
2258,Fräschels,92.7,291
2259,Galmiz,46.6,422
226,Schlatt (ZH),78,700
2260,Gempenach,113,191
2261,Greng,83.5,81
2262,Gurmels,83.6,1445
2264,Jeuss,109.6,195
2265,Kerzers,94.7,1158
2266,Kleinbösingen,99.3,299
227,Seuzach,97.9,741
2270,Lurtigen,85.3,198
2271,Meyriez,352.9,120
2272,Misery-Courtion,70.7,807
2274,Muntelier,361.1,408
2275,Murten,177.3,2137
2276,Ried bei Kerzers,101.5,770
2277,Salvenach,93.7,357
2278,Ulmiz,140.3,397
2279,Villarepos,90.8,432
228,Turbenthal,92.7,2336
2280,Bas-Vully,112.9,1123
2281,Haut-Vully,93.1,706
2283,Wallenried,59.3,229
229,Wiesendangen,88.2,833
2291,Alterswil,62.2,1002
2292,Brünisried,85.2,277
2293,Düdingen,60.8,2692
2294,Giffers,90.2,470
2295,Bösingen,78.4,1124
2296,Heitenried,77.3,705
2298,Oberschrot,103.4,553
2299,Plaffeien,15.5,920
23,Berg am Irchel,66.7,468
230,Winterthur,200.5,13651
2300,Plasselb,18.1,327
2301,Rechthalten,110.8,808
2302,St. Antoni,76,1276
2303,St. Silvester,75.4,533
2304,St. Ursen,43.5,685
2305,Schmitten (FR),60.8,–
2306,Tafers,70.1,589
2307,Tentlingen,70.9,256
2308,Ueberstorf,72.2,1163
2309,Wünnewil-Flamatt,66.9,885
231,Zell (ZH),143,1855
2310,Zumholz,130.7,247
2321,Attalens,88.8,867
2323,Bossonnens,61.2,251
2325,Châtel-Saint-Denis,48.8,2339
2328,Granges (Veveyse),63.2,282
2333,Remaufens,60.2,356
2335,Saint-Martin (FR),86.8,850
2336,Semsales,25.7,754
2337,Le Flon,69.7,668
2338,La Verrerie,57.2,765
24,Buch am Irchel,81.9,840
2401,Egerkingen,145.7,1011
2402,Härkingen,70.6,388
2403,Kestenholz,68.4,587
2404,Neuendorf,84.1,602
2405,Niederbuchsiten,73.9,405
2406,Oberbuchsiten,90.1,847
2407,Oensingen,85.5,1032
2408,Wolfwil,150.2,1033
241,Aesch (ZH),84.4,442
242,Birmensdorf (ZH),95.9,1096
2421,Aedermannsdorf,37.7,486
2422,Balsthal,68.6,1077
2423,Gänsbrunnen,15.4,176
2424,Herbetswil,29.1,475
2425,Holderbank (SO),77.6,602
2426,Laupersdorf,46.4,720
2427,Matzendorf,71.4,803
2428,Mümliswil-Ramiswil,44.5,1580
2429,Welschenrohr,55.5,721
243,Dietikon,138.4,1291
244,Geroldswil,100.5,194
2441,Aetigkofen,92.2,189
2442,Aetingen,94,266
2444,Bibern (SO),74.3,222
2445,Biezwil,138.5,579
2446,Brügglen,105.2,181
2449,Gossliwil,98.5,191
245,Oberengstringen,209.7,453
2450,Hessigkofen,81,183
2452,Küttigkofen,92,196
2453,Kyburg-Buchegg,108.1,173
2454,Lüsslingen,79.6,254
2455,Lüterkofen-Ichertswil,99.1,438
2456,Lüterswil-Gächliwil,123,375
2457,Messen,103.5,1230
2458,Mühledorf (SO),110.7,363
2459,Nennigkofen,87.9,406
246,Oetwil an der Limmat,90.6,250
2461,Schnottwil,91.9,660
2462,Tscheppach,115.2,212
2463,Unterramsern,141.7,221
247,Schlieren,104.4,689
2471,Bättwil,80.8,135
2472,Büren (SO),98.1,611
2473,Dornach,145.6,840
2474,Gempen,63,378
2475,Hochwald,75,624
2476,Hofstetten-Flüh,114.1,858
2477,Metzerlen-Mariastein,56.8,482
2478,Nuglar-St. Pantaleon,103.8,658
2479,Rodersdorf,83.9,448
248,Uitikon,70.9,310
2480,Seewen,57.2,933
2481,Witterswil,111.6,298
249,Unterengstringen,76.1,255
2491,Hauenstein-Ifenthal,83.4,446
2492,Kienberg,74.1,632
2493,Lostorf,82.7,1096
2495,Niedergösgen,145,628
2497,Obergösgen,100.6,366
2498,Rohr (SO),87.4,195
2499,Stüsslingen,105,649
25,Dachsen,184.9,501
250,Urdorf,101.6,770
2500,Trimbach,138.3,1054
2501,Winznau,88.8,350
2502,Wisen (SO),110.9,530
2503,Erlinsbach (SO),138.6,1229
251,Weiningen (ZH),155.2,832
2511,Aeschi (SO),133.2,506
2513,Biberist,87.1,1071
2514,Bolken,108.5,230
2516,Deitingen,72.1,551
2517,Derendingen,111.6,627
2518,Etziken,161.5,546
2519,Gerlafingen,206,381
2520,Halten,108.2,198
2521,Heinrichswil-Winistorf,73.2,229
2522,Hersiwil,95.8,137
2523,Horriwil,78.7,207
2524,Hüniken,78.2,79
2525,Kriegstetten,163.2,186
2526,Lohn-Ammannsegg,94.4,420
2527,Luterbach,98.9,447
2528,Obergerlafingen,89.5,136
2529,Oekingen,113.8,273
2530,Recherswil,119.9,404
2531,Steinhof,91.5,150
2532,Subingen,95.8,599
2534,Zuchwil,94,435
2541,Balm bei Günsberg,20.1,110
2542,Bellach,130.2,686
2543,Bettlach,48.8,596
2544,Feldbrunnen-St. Niklaus,92.8,232
2545,Flumenthal,111.3,346
2546,Grenchen,60.8,1581
2547,Günsberg,129,677
2548,Hubersdorf,147.8,201
2549,Kammersrohr,71.6,68
2550,Langendorf,183.4,354
2551,Lommiswil,72.2,417
2552,Niederwil (SO),93.4,213
2553,Oberdorf (SO),49,585
2554,Riedholz,81.8,400
2555,Rüttenen,57.2,502
2556,Selzach,54,1052
2571,Boningen,101.1,281
2572,Däniken,123.8,670
2573,Dulliken,110.7,671
2574,Eppenberg-Wöschnau,101.1,183
2575,Fulenbach,102.7,464
2576,Gretzenbach,109,632
2578,Gunzgen,130.5,514
2579,Hägendorf,79.8,1113
2580,Kappel (SO),108.1,550
2581,Olten,142.2,1634
2582,Rickenbach (SO),96.7,267
2583,Schönenwerd,149.1,556
2584,Starrkirch-Wil,196.2,361
2585,Walterswil (SO),100,448
2586,Wangen bei Olten,130.5,908
26,Dorf,74.4,413
2601,Solothurn,855.1,5370
261,Zürich,473.2,41585
2611,Bärschwil,58.5,656
2612,Beinwil (SO),22.3,506
2613,Breitenbach,91.8,624
2614,Büsserach,88.7,670
2615,Erschwil,80,594
2616,Fehren,83.1,123
2617,Grindel,106.9,327
2618,Himmelried,72.3,434
2619,Kleinlützel,64,1042
2620,Meltingen,71.5,411
2621,Nunningen,113.6,1175
2622,Zullwil,91.8,334
27,Feuerthalen,310.1,769
2701,Basel,1164.5,27844
2702,Bettingen,125.1,279
2703,Riehen,145,1575
2761,Aesch (BL),135.1,998
2762,Allschwil,112.9,1007
2763,Arlesheim,131.3,910
2764,Biel-Benken,145.6,600
2765,Binningen,277.4,1229
2766,Birsfelden,116,–
2767,Bottmingen,146.5,438
2768,Ettingen,103,654
2769,Münchenstein,133,955
2770,Muttenz,116,2222
2771,Oberwil (BL),100.8,794
2772,Pfeffingen,55.1,270
2773,Reinach (BL),116.6,816
2774,Schönenbuch,160.3,218
2775,Therwil,116.9,892
2781,Blauen,47.3,337
2782,Brislach,47.1,442
2783,Burg im Leimental,87.6,248
2784,Dittingen,48.3,326
2785,Duggingen,58.1,341
2786,Grellingen,154.7,512
2787,Laufen,98.9,1124
2788,Liesberg,43.5,543
2789,Nenzlingen,51.4,188
2790,Roggenburg,62,412
2791,Röschenz,44.2,445
2792,Wahlen,60.5,328
2793,Zwingen,79.9,369
28,Flaach,106.9,1087
2821,Arisdorf,83.7,837
2822,Augst,225,369
2823,Bubendorf,137.5,1485
2824,Frenkendorf,167.2,769
2825,Füllinsdorf,156.6,722
2826,Giebenach,159.7,214
2827,Hersberg,63.5,106
2828,Lausen,144.6,804
2829,Liestal,166.7,3032
2830,Lupsingen,126.9,396
2831,Pratteln,128.3,1371
2832,Ramlinsburg,153.1,343
2833,Seltisberg,121.6,434
2834,Ziefen,116.7,910
2841,Anwil,84.3,334
2842,Böckten,138.6,316
2843,Buckten,220.1,438
2844,Buus,69.3,613
2845,Diepflingen,151.4,218
2846,Gelterkinden,143.6,1406
2847,Häfelfingen,78,309
2848,Hemmiken,107.1,363
2849,Itingen,159.2,500
2850,Känerkinden,128.4,190
2851,Kilchberg (BL),62.9,100
2852,Läufelfingen,86.4,704
2853,Maisprach,107.1,543
2854,Nusshof,114.5,197
2855,Oltingen,78.4,563
2856,Ormalingen,112.8,783
2857,Rickenbach (BL),100,289
2858,Rothenfluh,77.2,844
2859,Rümlingen,104,237
2860,Rünenberg,103.6,516
2861,Sissach,154.9,1374
2862,Tecknau,58.7,138
2863,Tenniken,92.7,432
2864,Thürnen,117.3,264
2865,Wenslingen,104.1,615
2866,Wintersingen,82.7,575
2867,Wittinsburg,76.3,245
2868,Zeglingen,74.8,592
2869,Zunzgen,92,633
2881,Arboldswil,136.2,474
2882,Bennwil,94.5,615
2883,Bretzwil,93.2,683
2884,Diegten,95.9,924
2885,Eptingen,70.3,787
2886,Hölstein,102.8,620
2887,Lampenberg,100.5,401
2888,Langenbruck,59.1,927
2889,Lauwil,69.9,508
2890,Liedertswil,78.9,153
2891,Niederdorf,114.7,506
2892,Oberdorf (BL),120,743
2893,Reigoldswil,137.3,1270
2894,Titterten,105.7,392
2895,Waldenburg,91.1,756
29,Flurlingen,165.3,400
2901,Gächlingen,167,1194
2902,Guntmadingen,51.9,232
2903,Löhningen,123.2,845
2904,Neunkirch,91.5,1640
2914,Büttenhardt,48.5,195
2915,Dörflingen,96.2,560
2917,Lohn (SH),69.7,340
2919,Stetten (SH),57.6,270
2920,Thayngen,113.5,2262
2931,Bargen (SH),39.5,327
2932,Beringen,100.1,1418
2933,Buchberg,111.4,656
2936,Merishausen,53.1,932
2937,Neuhausen am Rheinfall,115.3,922
2938,Rüdlingen,128.2,704
2939,Schaffhausen,212.3,8886
2951,Beggingen,99.4,1251
2952,Schleitheim,114.6,2476
2953,Siblingen,110.6,1041
2961,Buch (SH),105.3,399
2962,Hemishofen,41.3,327
2963,Ramsen,75.7,1022
2964,Stein am Rhein,255,1469
2971,Hallau,170.2,2607
2972,Oberhallau,121.7,734
2973,Trasadingen,151.1,624
2974,Wilchingen,93.1,1967
3,Bonstetten,119.4,887
30,Andelfingen,108.6,730
3001,Herisau,332.8,8387
3002,Hundwil,62.6,1500
3003,Schönengrund,116.9,609
3004,Schwellbrunn,129.5,2254
3005,Stein (AR),177.8,1666
3006,Urnäsch,51,2464
3007,Waldstatt,145.9,983
301,Aarberg,125.5,993
302,Bargen (BE),85.4,672
3021,Bühler,228.3,1281
3022,Gais,116.8,2480
3023,Speicher,328.6,2685
3024,Teufen (AR),270.3,4119
3025,Trogen,260.6,2611
303,Grossaffoltern,114.6,1722
3031,Grub (AR),229.2,967
3032,Heiden,330.1,2466
3033,Lutzenberg,401.8,908
3034,Rehetobel,295.2,1984
3035,Reute (AR),164.1,819
3036,Wald (AR),210,1432
3037,Walzenhausen,257.4,1794
3038,Wolfhalden,318.3,2212
304,Kallnach,78.1,832
305,Kappelen,58.3,639
306,Lyss,133.1,1568
307,Meikirch,103.5,1059
308,Niederried bei Kallnach,46.9,212
309,Radelfingen,96.1,1417
31,Henggart,91.8,279
310,Rapperswil (BE),109.2,1987
3101,Appenzell,80,8030
3102,Gonten,80,–
3103,Rüte,80,–
3104,Schlatt-Haslen,80,–
3105,Schwende,19.1,1101
311,Schüpfen,100.5,1992
3111,Oberegg,145.9,2141
312,Seedorf (BE),123.7,2585
32,Humlikon,89.1,–
3201,Häggenschwil,102.8,935
3202,Muolen,95.1,983
3203,St. Gallen,453.4,17858
3204,Wittenbach,106.6,1301
321,Aarwangen,174.8,1725
3211,Berg (SG),141.2,528
3212,Eggersriet,183.7,1635
3213,Goldach,167,785
3214,Mörschwil,127.1,1249
3215,Rorschach,989.3,1751
3216,Rorschacherberg,150.8,1075
3217,Steinach,169,757
3218,Tübach,181.3,359
3219,Untereggen,105.8,754
322,Auswil,156.1,726
323,Bannwil,143.2,686
3231,Au (SG),187,875
3232,Balgach,220.8,1435
3233,Berneck,363.1,2044
3234,Diepoldsau,167.6,2586
3235,Rheineck,532.6,1177
3236,St. Margrethen,164.6,1129
3237,Thal,286,2748
3238,Widnau,167.6,–
324,Bleienbach,180,1024
325,Busswil bei Melchnau,151.6,435
3251,Altstätten,164.4,6492
3252,Eichberg,156,847
3253,Marbach (SG),247.8,1088
3254,Oberriet (SG),113.2,3909
3255,Rebstein,360.4,1582
3256,Rüthi (SG),160.6,1500
326,Gondiswil,151.8,1422
3271,Buchs (SG),126.3,2015
3272,Gams,80,1783
3273,Grabs,59.9,3272
3274,Sennwald,69.3,2877
3275,Sevelen,52.2,1585
3276,Wartau,50.3,2097
328,Kleindietwil,149.3,400
329,Langenthal,201,3469
3291,Bad Ragaz,53.8,1366
3292,Flums,34.3,2577
3293,Mels,23.8,3305
3294,Pfäfers,10.2,1315
3295,Quarten,32.3,1995
3296,Sargans,96,907
3297,Vilters-Wangs,50.7,1659
3298,Walenstadt,40.9,1868
33,Kleinandelfingen,108,1114
330,Leimiswil,160.4,746
331,Lotzwil,181.5,1127
3311,Amden,35.4,1524
3312,Benken (SG),75.5,1242
3313,Kaltbrunn,80,1494
3314,Rieden,37.4,428
3315,Schänis,48,1917
3316,Weesen,119.1,642
332,Madiswil,155.1,2458
333,Melchnau,143.5,1478
3331,Ernetschwil,69.4,713
3332,Eschenbach (SG),147.7,1961
3333,Goldingen,47.6,1053
3334,Gommiswald,92.2,1092
3337,St. Gallenkappel,63.1,1229
3338,Schmerikon,238.7,988
3339,Uznach,203.4,1536
334,Obersteckholz,164.1,640
3340,Rapperswil-Jona,189.9,4225
335,Oeschenbach,170,663
3352,Ebnat-Kappel,106.3,4630
3356,Stein (SG),49.4,605
3358,Nesslau-Krummenau,48.9,3937
3359,Wildhaus-Alt St. Johann,31.8,2786
336,Reisiswil,176.6,355
337,Roggwil (BE),223.2,1739
3372,Hemberg,89.8,1813
3373,Krinau,62.4,452
3374,Lichtensteig,310.3,875
3375,Oberhelfenschwil,147.9,1872
3377,Wattwil,113.9,5006
3378,Neckertal,101.3,4965
338,Rohrbach,416.6,1704
339,Rohrbachgraben,105.6,684
3391,Bütschwil,142.3,1961
3392,Kirchberg (SG),98.5,4194
3393,Lütisburg,91.5,1285
3394,Mosnang,59.5,3005
34,Laufen-Uhwiesen,126.6,794
340,Rütschelen,214.1,852
3401,Degersheim,112,1620
3402,Flawil,232.1,2664
3403,Ganterschwil,114.5,919
3405,Jonschwil,118.7,1307
3407,Oberuzwil,164.1,2312
3408,Uzwil,156.1,2264
341,Schwarzhäusern,120.8,458
342,Thunstetten,183.8,1774
3421,Bronschhofen,81.4,1073
3422,Niederbüren,74.6,1181
3423,Niederhelfenschwil,78.3,1279
3424,Oberbüren,90.2,1597
3425,Wil (SG),204.1,1555
3426,Zuzwil (SG),125.8,1127
344,Ursenbach,165.1,1509
3441,Andwil (SG),90.8,571
3442,Gaiserwald,100.2,1269
3443,Gossau (SG),103.7,2853
3444,Waldkirch,83.1,2601
345,Wynau,184.1,937
35,Marthalen,99,1401
3501,Alvaschein,38.2,156
3502,Mon,18.3,155
3503,Mutten,13.3,132
3504,Stierva,17,179
3505,Tiefencastel,9.1,135
3506,Vaz/Obervaz,20.8,886
351,Bern,574.8,29670
3511,Alvaneu,9.9,354
3512,Brienz/Brinzauls,14.3,191
3513,Lantsch/Lenz,16.2,353
3514,Schmitten (GR),18.1,205
3515,Surava,22.8,159
352,Bolligen,122.7,3277
3521,Bergün/Bravuogn,4.4,637
3522,Filisur,6.3,280
353,Bremgarten bei Bern,377.5,721
3531,Bivio,2.8,211
3532,Cunter,25.6,182
3533,Marmorera,8.3,156
3534,Mulegns,3.6,120
3536,Riom-Parsonz,7.5,417
3538,Salouf,13.1,413
3539,Savognin,21.1,469
354,Kirchlindach,83.9,1002
3540,Sur,7,163
3541,Tinizong-Rona,10,544
355,Köniz,117.3,5984
3551,Brusio,21.6,1000
356,Muri bei Bern,149.7,1142
3561,Poschiavo,15.1,2888
357,Oberbalm,105.1,1304
3571,Castrisch,65.2,469
3572,Falera,18.6,415
3574,Ilanz,143.6,669
3575,Laax,8.7,277
3576,Ladir,13.6,98
3577,Luven,44.8,297
3578,Pitasch,8.9,96
3579,Riein,13.7,218
358,Stettlen,184.9,651
3580,Ruschein,19.5,245
3581,Sagogn,77.3,535
3582,Schluein,76.4,366
3583,Schnaus,42.3,126
3584,Sevgein,38,173
3586,Valendas,24.4,555
3587,Versam,23.6,396
359,Vechigen,108.4,2692
3592,Cumbel,62.3,278
3593,Duvin,5.9,105
3594,Degen,37.8,255
3595,Lumbrein,14,529
3596,Morissen,44.1,250
3598,St. Martin,4.5,–
3599,Suraua,29.5,714
36,Oberstammheim,105,989
360,Wohlen bei Bern,87.4,3172
3603,Vals,5,761
3604,Vignogn,25.2,199
3605,Vella,30.9,229
3606,Vrin,6.5,466
361,Zollikofen,193.9,1045
3611,Andiast,17.8,242
3612,Obersaxen,13.5,831
3613,Pigniu,3.9,70
3614,Rueun,31.5,365
3615,Siat,17.7,239
3616,Waltensburg/Vuorz,13.7,443
3617,Mundaun,36.7,315
362,Ittigen,122.7,–
363,Ostermundigen,122.7,–
3631,Almens,27.1,226
3633,Fürstenau,230.3,304
3634,Paspels,70.4,323
3635,Pratval,106.5,82
3636,Rodels,80.4,135
3637,Rothenbrunnen,29.6,92
3638,Scharans,29.1,416
3640,Sils im Domleschg,31.7,295
3651,Safien,6.8,685
3652,Tenna,14.4,162
3661,Cazis,49.8,1552
3662,Flerden,20,122
3663,Masein,67.1,282
3668,Thusis,112.9,769
3669,Tschappina,10.2,251
3670,Urmein,30.7,133
3671,Tomils,23.4,716
3681,Avers,3.2,293
3691,Hinterrhein,3.4,163
3693,Nufenen,12.3,344
3694,Splügen,9.6,583
3695,Sufers,5.3,184
37,Ossingen,91.5,1198
3701,Andeer,17.9,827
3703,Casti-Wergenstein,3.7,95
3705,Donat,59.1,276
3707,Lohn (GR),11.9,97
3708,Mathon,7.3,111
371,Biel/Bienne,264.2,5609
3711,Rongellen,31.2,63
3712,Zillis-Reischen,16,392
3713,Ferrera,3.6,273
372,Evilard,99.2,365
3721,Bonaduz,40.4,581
3722,Domat/Ems,51.5,1247
3723,Rhäzüns,38,508
3731,Felsberg,36,482
3732,Flims,17.9,906
3733,Tamins,18.9,770
3734,Trin,19.5,919
3741,Ardez,9.6,586
3742,Guarda,8.9,280
3743,Lavin,7.9,367
3744,Susch,4.3,401
3745,Tarasp,7.6,357
3746,Zernez,3,603
3751,Ramosch,7.4,621
3752,Samnaun,5.6,313
3753,Tschlin,7.6,571
3761,Ftan,11.7,506
3762,Scuol,6.3,912
3763,Sent,8.4,941
3781,Bever,4,181
3782,Celerina/Schlarigna,10.2,245
3783,Madulain,3.9,63
3784,Pontresina,2.3,270
3785,La Punt-Chamues-ch,3.7,232
3786,Samedan,3.6,412
3787,St. Moritz,8,228
3788,S-chanf,3.2,439
3789,Sils im Engadin/Segl,3.5,219
3790,Silvaplana,4.6,205
3791,Zuoz,6.4,423
3792,Bregaglia,6.1,1536
38,Rheinau,80.3,716
3801,Arvigo,10.6,181
3803,Braggio,17.8,123
3804,Buseno,22.2,248
3805,Castaneda,47.5,188
3806,Cauco,11,120
3808,Rossa,7.7,456
381,Arch,80.4,512
3810,Santa Maria in Calanca,22.1,206
3811,Selma,25.1,73
382,Büetigen,97,350
3821,Lostallo,7.1,363
3822,Mesocco,7.2,1182
3823,Soazza,6.8,315
383,Büren an der Aare,112.6,1419
3831,Cama,14.3,214
3832,Grono,34.9,517
3833,Leggia,11.2,103
3834,Roveredo (GR),28,1084
3835,San Vittore,26.9,594
3836,Verdabbio,15.1,198
384,Busswil bei Büren,63,192
3847,Val Müstair,7.5,1483
385,Diessbach bei Büren,123,776
3851,Davos,6.7,1891
386,Dotzigen,59.2,250
3861,Fideris,18.2,460
3862,Furna,6.5,216
3863,Jenaz,31.1,806
387,Lengnau (BE),110.6,816
3871,Klosters-Serneus,6.7,1302
388,Leuzigen,107.4,1107
3881,Conters im Prättigau,10.6,195
3882,Küblis,55.9,455
3883,Saas,17.6,469
389,Meienried,162.1,107
3891,Luzein,30.2,954
3893,St. Antönien,7.1,370
39,Thalheim an der Thur,87,561
390,Meinisberg,111.5,493
3901,Chur,220.1,6183
391,Oberwil bei Büren,104.5,702
3911,Churwalden,25,1213
392,Pieterlen,76.1,633
3921,Arosa,1.3,56
3922,Calfreisen,19.1,98
3923,Castiel,13.3,72
3924,Langwies,6.5,358
3925,Lüen,23.8,83
3926,Maladers,33.3,253
3927,Molinis,10.2,135
3929,Peist,13.2,236
393,Rüti bei Büren,98.5,641
3931,St. Peter-Pagig,15.3,186
3932,Tschiertschen-Praden,9.7,268
394,Wengi,105.2,744
3941,Haldenstein,26.5,492
3942,Igis,58.6,637
3943,Mastrils,57.6,460
3945,Trimmis,20.7,888
3946,Untervaz,39.6,1097
3947,Zizers,84,925
3951,Fläsch,22.1,441
3952,Jenins,43.5,458
3953,Maienfeld,38.1,1232
3954,Malans,80,912
3961,Grüsch,61.3,614
3962,Schiers,28.2,1741
3971,Fanas,17.1,373
3972,Seewis im Prättigau,15.9,791
3973,Valzeina,21.2,243
3981,Breil/Brigels,21.3,1086
3982,Disentis/Mustér,13.9,1260
3983,Medel (Lucmagn),4.5,609
3984,Schlans,19.1,169
3985,Sumvitg,13.3,1353
3986,Tujetsch,7.3,979
3987,Trun,24.3,1047
4,Hausen am Albis,106.5,1450
40,Trüllikon,99.9,1393
4001,Aarau,409.3,5046
4002,Biberstein,185.2,761
4003,Buchs (AG),175.4,935
4004,Densbüren,93.3,1167
4005,Erlinsbach (AG),94.4,930
4006,Gränichen,176.2,3038
4007,Hirschthal,164.6,581
4008,Küttigen,155.3,1847
4009,Muhen,183.5,1288
401,Aefligen,237.9,483
4010,Oberentfelden,192.6,1379
4012,Suhr,134,1422
4013,Unterentfelden,242.7,699
402,Alchenstorf,98.8,648
4021,Baden,239.7,3159
4022,Bellikon,88.9,440
4023,Bergdietikon,82.8,491
4024,Birmenstorf (AG),127.3,992
4026,Ennetbaden,213.7,451
4027,Fislisbach,135.4,685
4028,Freienwil,126.5,506
4029,Gebenstorf,249.4,1796
403,Bäriswil,169.2,462
4030,Killwangen,74.9,182
4031,Künten,124.5,609
4032,Mägenwil,146.8,511
4033,Mellingen,153.2,746
4034,Neuenhof,73.2,394
4035,Niederrohrdorf,143,1646
4037,Oberrohrdorf,143,–
4038,Obersiggenthal,141.5,1183
4039,Remetschwil,143,–
404,Burgdorf,233.1,3636
4040,Spreitenbach,77.8,669
4041,Stetten (AG),112.9,498
4042,Turgi,249.4,–
4044,Untersiggenthal,119.6,989
4045,Wettingen,151.7,1610
4046,Wohlenschwil,186.1,817
4047,Würenlingen,120.5,1130
4048,Würenlos,116.1,1047
4049,Ehrendingen,136.2,993
405,Ersigen,132.1,1149
406,Hasle bei Burgdorf,102.9,2253
4061,Arni (AG),85.7,432
4062,Berikon,102.2,549
4063,Bremgarten (AG),163,1307
4064,Büttikon,96.8,273
4065,Dottikon,183.8,713
4066,Eggenwil,114.2,281
4067,Fischbach-Göslikon,185.3,569
4068,Hägglingen,198.1,1535
4069,Hermetschwil-Staffeln,103.6,346
407,Heimiswil,100.9,2357
4071,Jonen,138.3,788
4072,Niederwil (AG),159,978
4073,Oberlunkhofen,150.8,490
4074,Oberwil-Lieli,137.2,734
4075,Rudolfstetten-Friedlisberg,88.4,434
4076,Sarmenstorf,149.2,1240
4077,Tägerig,300.9,990
4078,Uezwil,135.7,331
4079,Unterlunkhofen,98.4,442
408,Hellsau,146,216
4080,Villmergen,146.8,1753
4081,Widen,131,342
4082,Wohlen (AG),233.1,2909
4083,Zufikon,122.5,589
4084,Islisberg,85.7,–
409,Hindelbank,96.7,651
4091,Auenstein,132.4,752
4092,Birr,98.6,498
4093,Birrhard,122.1,365
4094,Bözen,136.5,539
4095,Brugg,282.6,1797
4096,Effingen,73.6,504
4097,Elfingen,62.7,265
4098,Gallenkirch,77.9,109
4099,Habsburg,78.9,176
41,Truttikon,99.9,–
410,Höchstetten,95.8,253
4100,Hausen (AG),179.4,576
4103,Linn,67.1,171
4104,Lupfig,142.9,736
4105,Mandach,90.8,504
4106,Mönthal,131,515
4107,Mülligen,125.6,397
4108,Oberbözberg,91.6,–
4109,Oberflachs,151.5,512
411,Kernenried,99.4,331
4110,Remigen,87.7,690
4111,Riniken,71.2,338
4112,Rüfenach,88.7,370
4113,Scherz,104.9,346
4114,Schinznach-Bad,110.5,210
4115,Schinznach-Dorf,150.7,1334
4117,Thalheim (AG),112.7,1117
4119,Unterbözberg,91.6,1060
412,Kirchberg (BE),120.8,1092
4120,Veltheim (AG),121.6,637
4121,Villigen,100.3,1125
4122,Villnachern,87.8,504
4123,Windisch,262.1,1287
413,Koppigen,146,1012
4131,Beinwil am See,402.1,1544
4132,Birrwil,284.2,972
4133,Burg (AG),492.6,463
4134,Dürrenäsch,188.2,1112
4135,Gontenschwil,235.8,2297
4136,Holziken,119.9,343
4137,Leimbach (AG),194.8,224
4138,Leutwil,210.7,790
4139,Menziken,300.6,1921
414,Krauchthal,117.6,2285
4140,Oberkulm,189.6,1784
4141,Reinach (AG),300.5,2846
4142,Schlossrued,138.5,1000
4143,Schmiedrued,176.6,1526
4144,Schöftland,197.9,1243
4145,Teufenthal (AG),186.6,666
4146,Unterkulm,194.6,1730
4147,Zetzwil,211.4,1226
415,Lyssach,87.1,528
416,Mötschwil,67.1,198
4161,Eiken,118.2,837
4163,Frick,111.7,1112
4164,Gansingen,120.1,1053
4165,Gipf-Oberfrick,103.1,1050
4166,Herznach,143,898
4167,Hornussen,105.4,766
4169,Kaisten,80.4,1454
417,Niederösch,78.2,362
4170,Laufenburg,125.8,1824
4172,Münchwilen (AG),92.3,227
4173,Oberhof,76.3,626
4175,Oeschgen,137.9,604
4176,Schwaderloch,139.6,388
4177,Sisseln,145.6,367
4179,Ueken,62.6,319
418,Oberburg,155.8,2200
4181,Wittnau,83.5,939
4182,Wölflinswil,77.7,739
4183,Zeihen,66.4,457
4184,Mettauertal,95.5,2062
419,Oberösch,75.4,162
4191,Ammerswil,92.5,295
4192,Boniswil,288.4,695
4193,Brunegg,177.6,277
4194,Dintikon,180.4,673
4195,Egliswil,182.2,1146
4196,Fahrwangen,196,782
4197,Hallwil,195.4,428
4198,Hendschiken,162.2,571
4199,Holderbank (AG),121.1,281
42,Unterstammheim,104.3,756
420,Rüdtligen-Alchenflüh,174.4,476
4200,Hunzenschwil,229.1,747
4201,Lenzburg,172.7,1957
4202,Meisterschwanden,238.9,1020
4203,Möriken-Wildegg,124.4,821
4204,Niederlenz,236.1,779
4205,Othmarsingen,239.8,1134
4206,Rupperswil,159.9,993
4207,Schafisheim,168.7,1068
4208,Seengen,157.7,1528
4209,Seon,167.3,1609
421,Rumendingen,60.1,146
4210,Staufen,212.3,758
422,Rüti bei Lyssach,102.3,132
4221,Abtwil,94.9,393
4222,Aristau,108.5,937
4223,Auw,102.8,881
4224,Beinwil (Freiamt),77.2,871
4225,Benzenschwil,131.7,324
4226,Besenbüren,175.2,417
4227,Bettwil,99.1,421
4228,Boswil,106.1,1249
4229,Bünzen,99.5,574
423,Willadingen,65.3,141
4230,Buttwil,121.9,551
4231,Dietwil,144.4,794
4232,Geltwil,62.7,207
4233,Kallern,122.8,329
4234,Merenschwand,109.7,1212
4235,Mühlau,62.9,347
4236,Muri (AG),159.3,1966
4237,Oberrüti,100.4,539
4238,Rottenschwil,115.4,518
4239,Sins,88.1,1788
424,Wynigen,102.4,2897
4240,Waltenschwil,150,684
4251,Hellikon,96.6,681
4252,Kaiseraugst,82.5,405
4253,Magden,97.6,1075
4254,Möhlin,103.3,1940
4255,Mumpf,144.5,448
4256,Obermumpf,101,508
4257,Olsberg,53.7,248
4258,Rheinfelden,119.2,1910
4259,Schupfart,75.3,530
4260,Stein (AG),133.5,375
4261,Wallbach,141.5,638
4262,Wegenstetten,105.9,755
4263,Zeiningen,86.5,983
4264,Zuzgen,92.4,775
4271,Aarburg,384.6,1700
4272,Attelwil,127,282
4273,Bottenwil,188.2,960
4274,Brittnau,164.3,2249
4275,Kirchleerau,157.8,688
4276,Kölliken,200.5,1782
4277,Moosleerau,169.6,646
4279,Murgenthal,81.3,1517
4280,Oftringen,201.1,2584
4281,Reitnau,186.2,1082
4282,Rothrist,221.3,2620
4283,Safenwil,200.3,1200
4284,Staffelbach,151.5,1354
4285,Strengelbach,213.6,1284
4286,Uerkheim,184.5,1310
4287,Vordemwald,112.8,1143
4288,Wiliberg,168.4,197
4289,Zofingen,356.3,3951
43,Volken,120.3,385
4301,Baldingen,118.7,336
4302,Böbikon,103.9,269
4303,Böttstein,84.9,629
4304,Döttingen,158.7,1098
4305,Endingen,229.4,1941
4306,Fisibach,69.8,404
4307,Full-Reuenthal,91.7,442
4308,Kaiserstuhl,1400,448
4309,Klingnau,193.7,1300
431,Corgémont,42.8,753
4310,Koblenz,173.8,709
4311,Leibstadt,142.6,911
4312,Lengnau (AG),139,1761
4313,Leuggern,86.7,1193
4314,Mellikon,73.4,199
4315,Rekingen (AG),112.3,348
4316,Rietheim,111.7,439
4317,Rümikon,92.8,269
4318,Schneisingen,75.5,623
4319,Siglistorf,71.5,394
432,Cormoret,35.4,478
4320,Tegerfelden,106.5,757
4321,Unterendingen,73.4,254
4322,Wislikofen,77.6,291
4323,Bad Zurzach,145.4,948
433,Cortébert,22.1,326
434,Courtelary,39.2,868
435,La Ferrière,56.2,796
436,La Heutte,33.5,271
437,Mont-Tramelan,36.5,169
438,Orvin,30.5,659
439,Péry,35.7,560
44,Waltalingen,98.8,719
440,Plagne,35,262
4401,Arbon,240.2,1427
4406,Dozwil,226.5,299
441,Renan (BE),144,1820
4411,Egnach,154.4,2844
4416,Hefenhofen,131.4,795
442,Romont (BE),27.7,195
4421,Horn,234.3,403
4426,Kesswil,116.8,522
443,Saint-Imier,126,2632
4431,Roggwil (TG),106.6,1284
4436,Romanshorn,160.9,1408
444,Sonceboz-Sombeval,37.6,565
4441,Salmsach,155.2,419
4446,Sommeri,101.9,429
445,Sonvilier,95.7,2276
4451,Uttwil,139.6,606
446,Tramelan,102.8,2551
4461,Amriswil,128.9,2452
447,Vauffelin,42.8,255
4471,Bischofszell,168.3,1956
4476,Erlen,124.4,1516
448,Villeret,59.7,970
4486,Hauptwil-Gottshaus,110.4,1379
4495,Hohentannen,84,672
4501,Kradolf-Schönenberg,100.8,1105
4506,Sulgen,113.6,1037
4511,Zihlschlacht-Sitterdorf,96.7,1180
4536,Basadingen-Schlattingen,80,1251
4545,Diessenhofen,159.7,1616
4546,Schlatt (TG),59.1,918
4551,Aadorf,110.6,2205
4561,Felben-Wellhausen,64.9,479
4566,Frauenfeld,134.3,3676
4571,Gachnang,125.9,1224
4590,Hüttlingen,62.4,724
4591,Matzingen,84.3,650
4601,Neunforn,93.5,1062
4606,Stettfurt,83.7,532
4611,Thundorf,45.8,715
4616,Uesslingen-Buch,72.2,1011
4621,Warth-Weiningen,67.6,554
4641,Altnau,130.1,869
4643,Bottighofen,202.1,483
4646,Ermatingen,163.6,1708
4651,Gottlieben,812.1,268
4656,Güttingen,82.2,780
4666,Kemmental,81.9,2050
4671,Kreuzlingen,206,2367
4681,Langrickenbach,108.6,1178
4683,Lengwil,97.9,870
4691,Münsterlingen,143.4,777
4696,Tägerwilen,103.5,1192
4701,Wäldi,75.3,921
4711,Affeltrangen,104.4,1505
4716,Bettwiesen,76.9,296
4721,Bichelsee-Balterswil,87.3,1071
4723,Braunau,74.9,687
4724,Eschlikon,92.3,573
4726,Fischingen,69.4,2125
4741,Lommis,78.3,673
4746,Münchwilen (TG),155.1,1208
4751,Rickenbach (TG),297.4,464
4756,Schönholzerswilen,101.5,1110
4761,Sirnach,99.7,1237
4776,Tobel-Tägerschen,85.9,611
4781,Wängi,95.3,1566
4786,Wilen (TG),128.6,292
4791,Wuppenau,113.7,1381
4801,Berlingen,209.6,746
4806,Eschenz,85.9,1032
4811,Herdern,53.8,735
4816,Homburg,49.8,1203
4821,Hüttwilen,64.7,1143
4826,Mammern,59.4,322
4831,Müllheim,100,873
4841,Pfyn,59.9,789
4846,Raperswilen,58.2,446
4851,Salenstein,136.1,890
4864,Steckborn,172.3,1509
4871,Wagenhausen,110.5,1308
4881,Amlikon-Bissegg,81.8,1181
4891,Berg (TG),91,1191
4901,Birwinken,97.2,1200
491,Brüttelen,90.2,597
4911,Bürglen (TG),89.8,1049
492,Erlach,176.4,619
4921,Bussnang,98.5,1862
493,Finsterhennen,104.8,373
494,Gals,60.6,476
4941,Märstetten,101.2,1009
4946,Weinfelden,165.9,2572
495,Gampelen,26.1,283
4951,Wigoltingen,72.1,1236
496,Ins,57.8,1378
497,Lüscherz,73.8,403
498,Müntschemier,96.3,470
499,Siselen,117.4,648
5,Hedingen,151.9,992
500,Treiten,72.1,343
5001,Arbedo-Castione,37.6,801
5002,Bellinzona,167.6,3209
5003,Cadenazzo,52.9,443
5004,Camorino,38.8,321
5005,Giubiasco,227.5,1417
5006,Gnosca,26.2,195
5007,Gorduno,32.4,299
5008,Gudo,29.8,296
5009,Isone,61.5,789
501,Tschugg,121.6,400
5010,Lumino,52.5,522
5012,Moleno,19.4,145
5013,Monte Carasso,64.2,619
5014,Pianezzo,40.9,328
5015,Preonzo,24.5,402
5017,Sant'Antonino,49.9,329
5018,Sant'Antonio,20.5,688
5019,Sementina,37.6,310
502,Vinelz,126.9,580
5040,Ludiano,62.8,389
5041,Malvaglia,20.5,1647
5046,Semione,72.5,755
5048,Acquarossa,43.3,2664
5049,Blenio,11.1,2232
5061,Airolo,17.2,1624
5062,Anzonico,30.9,328
5063,Bedretto,5.2,388
5064,Bodio,56.2,362
5066,Calpiogna,48.8,354
5067,Campello,48.8,–
5068,Cavagnago,51.2,342
5070,Chironico,14.4,829
5071,Dalpe,33.1,481
5072,Faido,53.1,1349
5073,Giornico,36.3,707
5074,Mairengo,25.6,170
5075,Osco,38,452
5076,Personico,7.8,306
5077,Pollegio,79.5,468
5078,Prato (Leventina),25.2,424
5079,Quinto,18.4,1382
5081,Sobrio,57.3,365
5091,Ascona,181.5,902
5095,Brione (Verzasca),17.9,870
5096,Brione sopra Minusio,166.4,639
5097,Brissago,71.2,1266
5099,Cavigliano,47.1,258
51,Bachenbülach,132,569
5102,Corippo,38,294
5105,Frasco,17.3,445
5108,Gordola,41.2,290
5109,Gresso,8.8,–
5112,Lavertezzo,8,464
5113,Locarno,152.8,2944
5115,Losone,67.4,642
5117,Mergoscia,48.4,588
5118,Minusio,152.8,894
5119,Mosogno,35.7,307
5120,Muralto,307.9,–
5121,Orselina,307.9,782
5125,Ronco sopra Ascona,75.3,378
5129,Sonogno,8.9,334
5130,Tegna,83,240
5131,Tenero-Contra,53.7,198
5132,Vergeletto,8.8,456
5133,Verscio,115.7,347
5135,Vogorno,27.6,658
5136,Onsernone,31,927
5137,Isorno,60.4,1033
5138,Cugnasco-Gerra,9.8,349
5141,Agno,365.9,911
5143,Aranno,98.5,268
5144,Arogno,88.9,756
5146,Astano,104.5,395
5148,Bedano,142.3,266
5149,Bedigliora,201.2,499
5151,Bioggio,125.2,805
5154,Bissone,165.9,302
5155,Bogno,62,261
5160,Brusino Arsizio,72,291
5161,Cademario,70.5,279
5162,Cadempino,206.6,157
5163,Cadro,92.7,419
5167,Canobbio,218.5,284
5169,Carabietta,160.9,74
5170,Carona,88.6,421
5171,Caslano,243,690
5173,Certara,52,142
5174,Cimadera,61.4,–
5176,Comano,162.1,334
5178,Croglio,219,959
5180,Cureglia,261.3,277
5181,Curio,146.2,421
5186,Grancia,165.1,104
5187,Gravesano,215.9,149
5189,Lamone,186.6,347
5192,Lugano,280,8986
5193,Magliaso,399.1,435
5194,Manno,115.6,275
5195,Maroggia,211,211
5196,Massagno,450.7,329
5197,Melano,79.3,368
5198,Melide,163.5,273
5199,Mezzovico-Vira,45.5,465
52,Bassersdorf,106.3,959
5200,Miglieglia,61.2,314
5202,Monteggio,184.2,619
5203,Morcote,171.8,481
5205,Muzzano,182.8,287
5206,Neggio,223.1,203
5207,Novaggio,102.3,441
5208,Origlio,110.6,229
5210,Paradiso,285.4,254
5212,Ponte Capriasca,40.7,252
5213,Ponte Tresa,987.8,405
5214,Porza,148.7,235
5216,Pura,194.4,591
5219,Rovio,69.4,384
5221,Savosa,264.9,196
5222,Sessa,216.4,621
5224,Sonvico,61.4,1004
5225,Sorengo,210.6,179
5226,Capriasca,80.6,2931
5227,Torricella-Taverne,97.7,512
5229,Valcolla,102.9,1167
5230,Vernate,126.5,191
5231,Vezia,217.3,302
5233,Vico Morcote,93.7,179
5236,Collina d'Oro,185.8,1048
5237,Alto Malcantone,57.1,1252
5238,Monteceneri,41.4,1533
5242,Balerna,345.9,889
5243,Besazio,294.3,259
5249,Castel San Pietro,100.8,1192
5250,Chiasso,289.1,1541
5251,Coldrerio,275.2,677
5253,Ligornetto,393.6,795
5254,Mendrisio,216.3,4682
5255,Meride,55.6,415
5257,Morbio Inferiore,305.7,700
5260,Novazzano,200.4,1038
5263,Riva San Vitale,142.6,851
5266,Stabio,289.4,1780
5268,Vacallo,341.6,550
5269,Breggia,78.6,2003
5281,Biasca,34.4,2035
5282,Claro,45.3,962
5283,Cresciano,16.4,282
5284,Iragna,20.3,374
5285,Lodrino,17,534
5286,Osogna,13.8,262
53,Bülach,96,1545
5304,Bosco/Gurin,17.3,382
5307,Campo (Vallemaggia),11.7,506
5309,Cerentino,18.5,371
5310,Cevio,10,1584
5315,Linescio,10,–
5317,Maggia,24.4,2711
532,Bangerten,82.2,180
5323,Lavizzara,6.2,1156
5324,Avegno Gordevio,28.2,772
533,Bätterkinden,119.6,1216
534,Büren zum Hof,133.6,457
535,Deisswil bei Münchenbuchsee,53.5,115
536,Diemerswil,85.7,245
537,Etzelkofen,125.6,353
538,Fraubrunnen,68.3,525
539,Grafenried,135.6,640
5397,Centovalli,42.3,2174
5398,Gambarogno,71.1,3683
54,Dietlikon,105,445
540,Jegenstorf,124.1,1107
5401,Aigle,139.9,2296
5402,Bex,32,3091
5403,Chessel,37,132
5404,Corbeyrier,12.2,269
5405,Gryon,26.5,403
5406,Lavey-Morcles,22.5,319
5407,Leysin,22.4,415
5408,Noville,36.3,376
5409,Ollon,48.3,2875
541,Iffwil,73.9,374
5410,Ormont-Dessous,24.6,1574
5411,Ormont-Dessus,15.2,935
5412,Rennaz,73.5,161
5413,Roche (VD),54.5,351
5414,Villeneuve (VD),36.2,1161
5415,Yvorne,61,744
542,Limpach,95.7,426
5421,Apples,45.7,591
5422,Aubonne,251.8,1730
5423,Ballens,49.8,422
5424,Berolle,25.4,244
5425,Bière,47.2,1181
5426,Bougy-Villars,171.8,304
5427,Féchy,118.2,319
5428,Gimel,43.4,820
5429,Longirod,35.5,335
543,Mattstetten,64.2,244
5430,Marchissy,23.2,278
5431,Mollens (VD),48.2,530
5432,Montherod,65.2,324
5433,Pizy,55.4,139
5434,Saint-George,30.8,379
5435,Saint-Livres,75.7,615
5436,Saint-Oyens,78.4,239
5437,Saubraz,78.4,290
544,Moosseedorf,92,584
545,Mülchi,99.5,380
5451,Avenches,104.5,1835
5452,Bellerive (VD),177.9,402
5453,Chabrey,71.5,283
5455,Constantine,68.7,193
5456,Cudrefin,46.8,740
5458,Faoug,123.5,426
5459,Montmagny,58.7,223
546,Münchenbuchsee,147.2,1298
5460,Mur (VD),64.6,115
5461,Oleyres,176,338
5462,Vallamand,121.8,285
5463,Villars-le-Grand,85.5,359
547,Münchringen,110.8,266
5471,Bettens,64,240
5472,Bournens,63.1,246
5473,Boussens,50.2,158
5474,La Chaux (Cossonay),71.7,484
5475,Chavannes-le-Veyron,51.7,136
5476,Chevilly,76.2,295
5477,Cossonay,113.2,938
5478,Cottens (VD),80.5,190
5479,Cuarnens,58,414
548,Ruppoldsried,143.6,316
5480,Daillens,73.4,405
5481,Dizy,54.6,166
5482,Eclépens,85.2,495
5483,Ferreyres,52.1,164
5484,Gollion,80.5,438
5485,Grancy,63.8,363
5486,L'Isle,53.2,862
5487,Lussery-Villars,86.9,324
5488,Mauraz,194,97
5489,Mex (VD),82.3,233
549,Schalunen,97.1,135
5490,Moiry,40.5,270
5491,Mont-la-Ville,21.1,417
5492,Montricher,26.8,695
5493,Orny,54.1,301
5494,Pampigny,56.5,627
5495,Penthalaz,76.5,296
5496,Penthaz,75.2,288
5497,Pompaples,69.4,309
5498,La Sarraz,102.5,790
5499,Senarclens,46.4,184
55,Eglisau,177.9,1612
550,Scheunen,54.1,118
5500,Sévery,83.2,198
5501,Sullens,95.2,373
5503,Vufflens-la-Ville,58.6,315
551,Urtenen-Schönbühl,99.4,714
5511,Assens,77.4,414
5512,Bercher,77.4,329
5513,Bioley-Orjulaz,78.8,245
5514,Bottens,67.3,464
5515,Bretigny-sur-Morrens,69.9,200
5516,Cugy (VD),79.3,230
5517,Dommartin,83.3,245
5518,Echallens,143.7,957
5519,Eclagnens,68.7,147
552,Utzenstorf,97.5,1651
5520,Essertines-sur-Yverdon,66.5,648
5521,Etagnières,78.6,298
5522,Fey,69.8,513
5523,Froideville,64.1,454
5524,Goumoens-la-Ville,60.9,443
5525,Goumoens-le-Jux,28.1,36
5527,Morrens (VD),89.1,326
5528,Naz,83.8,98
5529,Oulens-sous-Echallens,74.4,436
553,Wiggiswil,81.8,117
5530,Pailly,69.5,401
5531,Penthéréaz,65,369
5532,Poliez-le-Grand,92.7,470
5533,Poliez-Pittet,78.8,395
5534,Rueyres,108.9,220
5535,Saint-Barthélemy (VD),63.6,262
5536,Sugnens,74.7,201
5537,Villars-le-Terroir,76.6,543
5538,Villars-Tiercelin,54.3,271
5539,Vuarrens,61.3,549
554,Wiler bei Utzenstorf,88.2,337
555,Zauggenried,102.7,377
5551,Bonvillars,62.3,470
5552,Bullet,42.7,719
5553,Champagne,104.6,410
5554,Concise,65.4,746
5555,Corcelles-près-Concise,56,229
5556,Fiez,49.3,337
5557,Fontaines-sur-Grandson,27.6,217
5558,Fontanezier,42.5,159
5559,Giez,61.6,294
556,Zielebach,93.8,180
5560,Grandevent,44.1,152
5561,Grandson,158.8,1248
5562,Mauborget,22.9,126
5563,Mutrux,70.4,226
5564,Novalles,56.8,117
5565,Onnens (VD),64.2,328
5566,Provence,30,956
5567,Romairon,15.8,77
5568,Sainte-Croix,89.8,3541
5569,Vaugondry,90.5,76
557,Zuzwil (BE),81.5,282
5570,Villars-Burquin,55.4,267
5581,Belmont-sur-Lausanne,171.7,455
5582,Cheseaux-sur-Lausanne,91.7,421
5583,Crissier,92.7,511
5584,Epalinges,166.1,759
5585,Jouxtens-Mézery,91.2,176
5586,Lausanne,413.4,17108
5587,Le Mont-sur-Lausanne,101.8,1000
5588,Paudex,250,120
5589,Prilly,141.1,309
5590,Pully,190.3,1113
5591,Renens (VD),122.3,362
5592,Romanel-sur-Lausanne,104.9,302
56,Embrach,112.6,1429
5601,Chexbres,359.8,770
5602,Cully,369.8,880
5603,Epesses,240.3,382
5604,Forel (Lavaux),55.6,1029
5605,Grandvaux,211.9,623
5606,Lutry,238,2011
5607,Puidoux,51.8,1186
5608,Riex,268.6,368
5609,Rivaz,1012.9,314
561,Adelboden,17.2,1513
5610,Saint-Saphorin (Lavaux),401.1,357
5611,Savigny,65,1042
5612,Villette (Lavaux),210.2,288
562,Aeschi bei Spiez,40.4,1251
5621,Aclens,94.4,368
5622,Bremblens,64.5,187
5623,Buchillon,82.6,176
5624,Bussigny-près-Lausanne,103.9,501
5625,Bussy-Chardonney,73.4,224
5627,Chavannes-près-Renens,95.2,157
5628,Chigny,132.2,119
5629,Clarmont,145,145
563,Frutigen,48.5,3480
5630,Colombier (VD),68.9,363
5631,Denens,81.8,269
5632,Denges,122.9,204
5633,Echandens,91.2,354
5634,Echichens,116.3,300
5635,Ecublens (VD),107.4,613
5636,Etoy,96.5,474
5637,Lavigny,82,328
5638,Lonay,118.3,439
5639,Lully (VD),88.3,181
564,Kandergrund,6.4,1069
5640,Lussy-sur-Morges,80.3,188
5641,Monnaz,98.8,159
5642,Morges,841.8,3241
5643,Préverenges,123.1,229
5644,Reverolle,172.9,204
5645,Romanel-sur-Morges,84.6,148
5646,Saint-Prex,95.7,528
5647,Saint-Saphorin-sur-Morges,57,216
5648,Saint-Sulpice (VD),137.1,255
5649,Tolochenaz,112.6,179
565,Kandersteg,6.4,–
5650,Vaux-sur-Morges,46.2,97
5651,Villars-Sainte-Croix,97,160
5652,Villars-sous-Yens,112.2,341
5653,Vufflens-le-Château,115.4,247
5654,Vullierens,74.9,512
5655,Yens,74.6,709
566,Krattigen,99.2,598
5661,Boulens,71.8,247
5662,Brenles,60.6,232
5663,Bussy-sur-Moudon,79.3,245
5664,Chapelle-sur-Moudon,79.5,368
5665,Chavannes-sur-Moudon,66.5,342
5666,Chesalles-sur-Moudon,79.6,133
5667,Correvon,69.6,156
5668,Cremin,61.2,101
5669,Curtilles,86.5,428
567,Reichenbach im Kandertal,18.4,2310
5670,Denezy,66.8,253
5671,Dompierre (VD),115.6,371
5672,Forel-sur-Lucens,82.3,233
5673,Hermenches,67.7,323
5674,Lovatens,81,281
5675,Lucens,142,892
5676,Martherenges,113.3,94
5677,Montaubion-Chardonney,59.7,126
5678,Moudon,155.7,2443
5679,Neyruz-sur-Moudon,71.3,251
5680,Ogens,109.1,372
5681,Oulens-sur-Lucens,62.9,100
5682,Peyres-Possens,85.4,164
5683,Prévonloup,85.3,157
5684,Rossenges,136.5,146
5685,Saint-Cierges,81.7,526
5686,Sarzens,112.5,162
5687,Sottens,46.6,211
5688,Syens,93.3,235
5689,Thierrens,82.6,720
5690,Villars-le-Comte,64,268
5691,Villars-Mendraz,128.2,200
5692,Vucherens,140.1,458
57,Freienstein-Teufen,99.4,835
5701,Arnex-sur-Nyon,49,100
5702,Arzier,8.5,443
5703,Bassins,19,394
5704,Begnins,153.6,734
5705,Bogis-Bossey,53.5,131
5706,Borex,61.1,121
5707,Chavannes-de-Bogis,34,97
5708,Chavannes-des-Bois,27.1,58
5709,Chéserex,20.6,218
571,Beatenberg,36.8,1075
5710,Coinsins,54,157
5711,Commugny,38.3,249
5712,Coppet,251.9,471
5713,Crans-près-Céligny,66.2,286
5714,Crassier,79.8,162
5715,Duillier,68.4,281
5716,Eysins,98.3,234
5717,Founex,51.4,246
5718,Genolier,64.7,315
5719,Gingins,31.6,397
572,Bönigen,83.5,1263
5720,Givrins,79.9,317
5721,Gland,51.1,425
5722,Grens,50.8,130
5723,Mies,47,162
5724,Nyon,363.9,2471
5725,Prangins,73,440
5726,La Rippe,21.4,356
5727,Saint-Cergue,14.9,362
5728,Signy-Avenex,51.3,99
5729,Tannay,87.9,160
573,Brienz (BE),37.3,1789
5730,Trélex,55.4,320
5731,Le Vaud,64.3,200
5732,Vich,146.2,228
574,Brienzwiler,34.5,610
5741,L'Abergement,55,318
5742,Agiez,62.9,344
5743,Arnex-sur-Orbe,81.6,621
5744,Ballaigues,58.7,530
5745,Baulmes,38.3,862
5746,Bavois,52.7,492
5747,Bofflens,78.7,332
5748,Bretonnières,42.4,231
5749,Chavornay,72.9,805
575,Därligen,52.4,362
5750,Les Clées,31.5,222
5751,Corcelles-sur-Chavornay,61.3,336
5752,Croy,59.8,268
5754,Juriens,29.9,280
5755,Lignerolle,28.7,306
5756,Montcherand,94.4,289
5757,Orbe,160,1923
5758,La Praz,48.2,247
5759,Premier,47.7,292
576,Grindelwald,17.1,2924
5760,Rances,52.7,518
5761,Romainmôtier-Envy,62.3,434
5762,Sergey,81.5,119
5763,Valeyres-sous-Rances,77.9,496
5764,Vallorbe,64.3,1491
5765,Vaulion,75.5,994
5766,Vuiteboeuf,89.5,453
577,Gsteigwiler,60.5,425
578,Gündlischwand,19.8,335
5781,Bussigny-sur-Oron,50,58
5782,Carrouge (VD),96.7,524
5783,Châtillens,117.5,248
5784,Chesalles-sur-Oron,99,198
5785,Corcelles-le-Jorat,72.1,572
5786,Les Cullayes,124.5,264
5787,Ecoteaux,75.6,269
5788,Essertes,119.4,197
5789,Ferlens (VD),105.5,229
579,Habkern,14.2,724
5790,Maracon,98.4,431
5791,Mézières (VD),136.8,476
5792,Montpreveyres,62.4,256
5793,Oron-la-Ville,104.8,325
5794,Oron-le-Châtel,128.6,162
5795,Palézieux,73.7,426
5796,Peney-le-Jorat,88.6,395
5798,Ropraz,71.6,346
5799,Servion,83.4,351
58,Glattfelden,101.2,1247
580,Hofstetten bei Brienz,34.3,300
5800,Les Tavernes,61.1,140
5801,Les Thioleyres,86,166
5802,Vuibroye,102.9,144
5803,Vulliens,69.1,458
581,Interlaken,245.1,1054
5811,Cerniaz (VD),78.9,142
5812,Champtauroz,70.8,216
5813,Chevroux,83.5,365
5814,Combremont-le-Grand,67.3,444
5815,Combremont-le-Petit,77.7,445
5816,Corcelles-près-Payerne,72.6,880
5817,Grandcour,70.1,716
5818,Granges-près-Marnand,118.2,830
5819,Henniez,114.2,298
582,Iseltwald,25.7,562
5820,Marnand,90.3,204
5821,Missy,90.7,282
5822,Payerne,127.2,3078
5824,Sassel,92.9,303
5826,Seigneux,86.6,324
5827,Trey,120.7,460
5828,Treytorrens (Payerne),63.5,195
5829,Villars-Bramard,60.8,192
5830,Villarzel,80.9,620
584,Lauterbrunnen,11.7,1918
5841,Château-d'Oex,18.1,2054
5842,Rossinière,27.2,636
5843,Rougemont,24.5,1190
585,Leissigen,40.2,416
5851,Allaman,112.3,292
5852,Bursinel,105.7,187
5853,Bursins,100.9,340
5854,Burtigny,63.7,362
5855,Dully,108.4,180
5856,Essertines-sur-Rolle,81.2,564
5857,Gilly,80.2,622
5858,Luins,67.4,180
5859,Mont-sur-Rolle,174.8,673
586,Lütschental,30,370
5860,Perroy,155.9,452
5861,Rolle,510.2,1398
5862,Tartegnin,180.7,197
5863,Vinzel,126.6,138
587,Matten bei Interlaken,134.8,795
5871,L'Abbaye,31.9,1018
5872,Le Chenit,27.9,2766
5873,Le Lieu,30.7,999
588,Niederried bei Interlaken,45.2,194
5881,Blonay,51.7,832
5882,Chardonne,96.7,998
5883,Corseaux,293.4,311
5884,Corsier-sur-Vevey,162.4,1096
5885,Jongny,129.2,279
5886,Montreux,90.1,3006
5888,Saint-Légier-La Chiésaz,60.1,912
5889,La Tour-de-Peilz,319.4,1035
589,Oberried am Brienzersee,29.3,590
5890,Vevey,2185.3,5201
5891,Veytaux,25.9,175
59,Hochfelden,91.4,563
590,Ringgenberg (BE),114.9,1005
5902,Belmont-sur-Yverdon,59.8,387
5903,Bioley-Magnoux,62.8,268
5904,Chamblon,60.1,172
5905,Champvent,60.8,421
5906,Chanéaz,107.2,149
5907,Chavannes-le-Chêne,83.2,331
5908,Chêne-Pâquier,105.7,224
5909,Cheseaux-Noréaz,25.9,156
591,Saxeten,6.3,120
5910,Cronay,85.1,561
5911,Cuarny,63.9,292
5912,Démoret,60.7,259
5913,Donneloye,80.2,531
5914,Ependes (VD),66.3,320
5915,Essert-Pittet,44.9,124
5916,Essert-sous-Champvent,90.1,109
5918,Gressy,99.1,222
5919,Mathod,58,382
592,Schwanden bei Brienz,34.2,240
5921,Molondin,59.6,327
5922,Montagny-près-Yverdon,72.7,256
5923,Oppens,74.7,268
5924,Orges,61.5,–
5925,Orzens,76.9,323
5926,Pomy,69.6,391
5927,Prahins,61.1,146
5928,Rovray,80.9,259
5929,Suchy,58.6,390
593,Unterseen,97,1361
5930,Suscévaz,43.4,180
5931,Treycovagnes,76.9,160
5932,Ursins,75.2,252
5933,Valeyres-sous-Montagny,94.3,215
5934,Valeyres-sous-Ursins,78.8,227
5935,Villars-Epeney,72.1,62
5936,Villars-sous-Champvent,61.5,56
5937,Vugelles-La Mothe,61.5,436
5938,Yverdon-les-Bains,320.8,3619
5939,Yvonand,64.3,861
594,Wilderswil,84.6,1145
6,Kappel am Albis,93.9,743
60,Höri,120.1,574
6001,Birgisch,33.2,191
6002,Brig-Glis,36.9,1406
6004,Eggerberg,36.5,217
6006,Mund,11,442
6007,Naters,7.5,763
6008,Ried-Brig,10.7,506
6009,Simplon,4,364
6010,Termen,16.2,304
6011,Zwischbergen,0.5,43
602,Arni (BE),127.5,1331
6021,Ardon,40.1,816
6022,Chamoson,35.1,1140
6023,Conthey,26.1,2488
6024,Nendaz,18.6,1599
6025,Vétroz,26.1,–
603,Biglen,259.1,930
6031,Bagnes,15.2,4278
6032,Bourg-Saint-Pierre,3.4,305
6033,Liddes,22.4,1347
6034,Orsières,14,2305
6035,Sembrancher,41.9,739
6036,Vollèges,48.6,869
604,Bleiken bei Oberdiessbach,93.6,320
605,Bowil,108.2,1588
6052,Bellwald,19.4,266
6054,Binn,3,195
6055,Blitzingen,12.9,152
6056,Ernen,19.1,675
6057,Fiesch,21.8,245
6058,Fieschertal,0.8,138
606,Brenzikofen,157.7,347
6061,Lax,33.3,167
6064,Niederwald,26.3,123
607,Freimettigen,77,227
6073,Grafschaft,15.7,356
6074,Münster-Geschinen,11.1,541
6075,Reckingen-Gluringen,11.4,468
6076,Obergoms,5,776
608,Grosshöchstetten,190.5,659
6081,Les Agettes,41.3,210
6082,Ayent,19.9,1099
6083,Evolène,5,1040
6084,Hérémence,10.6,1137
6085,Mase,27,300
6086,Nax,14.7,361
6087,Saint-Martin (VS),19.8,732
6088,Vernamiège,25,185
6089,Vex,61.4,798
609,Häutligen,86,264
61,Hüntwangen,130.1,639
610,Herbligen,128.6,355
6101,Agarn,24.3,186
6102,Albinen,23.9,370
6104,Ergisch,9.1,274
6105,Erschmatt,17.3,194
6109,Inden,7.8,77
611,Kiesen,93.4,437
6110,Leuk,23.6,1042
6111,Leukerbad,8.3,557
6112,Oberems,3.3,166
6113,Salgesch,35.8,406
6114,Turtmann,10.5,433
6115,Unterems,96.6,114
6116,Varen,32.2,413
6117,Guttet-Feschel,23.8,250
6118,Gampel-Bratsch,19.8,458
612,Konolfingen,127.2,1627
613,Landiswil,99.5,1021
6131,Bovernier,23.3,300
6132,Charrat,44.8,341
6133,Fully,27.5,1038
6134,Isérables,52.5,799
6135,Leytron,22.9,615
6136,Martigny,101.9,2545
6137,Martigny-Combe,17.3,1332
6139,Riddes,20.4,487
614,Linden,116.4,1540
6140,Saillon,15.1,208
6141,Saxon,41,952
6142,Trient,17.3,–
615,Mirchel,179.2,421
6151,Champéry,15.9,619
6152,Collombey-Muraz,31.4,935
6153,Monthey,64.3,1841
6154,Port-Valais,34.2,490
6155,Saint-Gingolph,43.6,627
6156,Troistorrents,32.2,1191
6157,Val-d'Illiez,21.3,835
6158,Vionnaz,37.1,776
6159,Vouvry,28.5,953
616,Münsingen,141.8,1202
617,Niederhünigen,117.4,635
6171,Betten,11.2,294
6172,Bister,20.2,118
6173,Bitsch,39.3,158
6177,Grengiols,7.4,435
6178,Martisberg,29.9,90
6181,Riederalp,22.2,467
619,Oberdiessbach,125,1630
6191,Ausserberg,27.2,405
6192,Blatten,2.6,234
6193,Bürchen,24.7,332
6194,Eischoll,24.8,341
6195,Ferden,6.4,178
6197,Kippel,14.4,168
6198,Niedergesteln,10.1,176
6199,Raron,13.6,411
62,Kloten,79.1,1524
620,Oberthal,103.3,1089
6201,Unterbäch,10.4,228
6202,Wiler (Lötschen),12.4,181
6203,Mörel-Filet,36.7,310
6204,Steg-Hohtenn,18.4,260
6211,Collonges,33.4,408
6212,Dorénaz,24.3,306
6213,Evionnaz,13.7,655
6214,Finhaut,20.6,470
6215,Massongex,75.9,503
6216,Mex (VS),15.7,124
6217,Saint-Maurice,174.4,1224
6218,Salvan,25.7,1520
6219,Vernayaz,25.7,–
622,Oppligen,147.8,504
6220,Vérossaz,42.5,607
623,Rubigen,98.4,1413
6232,Chalais,22.7,555
6234,Chermignon,97,522
6235,Chippis,83.8,166
6238,Grône,16.5,348
6239,Icogne,10.9,271
624,Schlosswil,100.7,954
6240,Lens,49.5,688
6241,Miège,111.9,283
6242,Mollens (VS),6.7,217
6243,Montana,62,303
6244,Randogne,15,253
6246,Saint-Léonard,93.9,366
6248,Sierre,60,1150
6249,Venthône,156.9,397
625,Tägertschi,84.3,307
6250,Veyras,44.8,65
6252,Anniviers,7.2,1751
626,Walkringen,119.6,2055
6261,Arbaz,19.8,381
6263,Grimisuat,98.4,437
6264,Salins,62.3,258
6265,Savièse,24,1703
6266,Sion,129.1,3307
6267,Veysonnaz,182.7,201
627,Worb,151,3185
628,Zäziwil,192.3,1042
6281,Baltschieder,3.6,112
6282,Eisten,4.7,177
6283,Embd,15.2,204
6285,Grächen,23.6,338
6286,Lalden,108.6,139
6287,Randa,3,161
6288,Saas-Almagell,1.3,147
6289,Saas-Balen,5.4,162
629,Oberhünigen,100.7,–
6290,Saas-Fee,5.7,233
6291,Saas-Grund,10.1,247
6292,St. Niklaus,6.2,551
6293,Stalden (VS),27.9,291
6294,Staldenried,14,201
6295,Täsch,3,177
6296,Törbel,28.9,508
6297,Visp,53.3,702
6298,Visperterminen,9.9,511
6299,Zeneggen,25.9,194
63,Lufingen,49.9,259
630,Allmendingen,98.4,–
6300,Zermatt,1.5,369
631,Trimstein,98.4,–
632,Wichtrach,109.4,1268
64,Nürensdorf,111.1,1114
6401,Auvernier,403,677
6402,Bevaix,68.7,740
6403,Bôle,112.8,291
6404,Boudry,88.2,1479
6405,Brot-Dessous,50.7,251
6406,Colombier (NE),198.2,896
6407,Corcelles-Cormondrèche,169.3,823
6408,Cortaillod,300.8,1110
6409,Fresens,122.2,193
6410,Gorgier,62,866
6411,Montalchez,52.7,338
6412,Peseux,178.1,611
6413,Rochefort,31.3,653
6414,Saint-Aubin-Sauges,100.9,778
6415,Vaumarcus,130.3,232
6421,La Chaux-de-Fonds,227.1,12638
6422,Les Planchettes,36.7,430
6423,La Sagne,70.5,1800
6431,Les Brenets,101.7,1172
6432,La Brévine,32,1339
6433,Brot-Plamboz,20.5,328
6434,Le Cerneux-Péquignot,19.2,301
6435,La Chaux-du-Milieu,46.6,805
6436,Le Locle,367.9,8514
6437,Les Ponts-de-Martel,92.5,1687
6451,Cornaux,97.3,459
6452,Cressier (NE),71,607
6453,Enges,24,230
6454,Hauterive (NE),162.7,345
6455,Le Landeron,98.2,1012
6456,Lignières,54.8,686
6458,Neuchâtel,436.5,7901
6459,Saint-Blaise,119.1,1056
6461,La Tène,101.1,550
6471,Boudevilliers,46,578
6472,Cernier,69.5,633
6473,Chézard-Saint-Martin,59.5,777
6474,Coffrane,54.1,351
6475,Dombresson,67.4,860
6476,Engollon,51.5,135
6477,Fenin-Vilars-Saules,65.7,426
6478,Fontainemelon,200,490
6479,Fontaines (NE),42.9,435
6480,Les Geneveys-sur-Coffrane,29.3,230
6481,Les Hauts-Geneveys,50.6,402
6482,Montmollin,53.5,217
6483,Le Pâquier (NE),34.8,333
6484,Savagnier,73,624
6485,Valangin,111.2,418
6486,Villiers,27.3,288
65,Oberembrach,82.2,843
6504,La Côte-aux-Fées,76.2,979
6511,Les Verrières,57,1635
6512,Val-de-Travers,73.2,9144
66,Opfikon,109.3,611
6601,Aire-la-Ville,82.9,243
6602,Anières,92,–
6603,Avully,66.2,305
6604,Avusy,98.3,510
6605,Bardonnex,143.6,–
6606,Bellevue,65.8,–
6607,Bernex,87.5,1622
6608,Carouge (GE),1630.7,4403
6609,Cartigny,113.5,497
661,Clavaleyres,98,99
6610,Céligny,67.1,312
6611,Chancy,64.6,346
6612,Chêne-Bougeries,252.1,1041
6613,Chêne-Bourg,268.6,1375
6614,Choulex,119.7,468
6615,Collex-Bossy,65.8,740
6616,Collonge-Bellerive,131.2,803
6617,Cologny,147.4,541
6618,Confignon,87.5,–
6619,Corsier (GE),92,607
662,Ferenbalm,107.1,983
6620,Dardagny,53.7,462
6621,Genève,2368.1,37724
6622,Genthod,79.4,228
6623,Le Grand-Saconnex,122.8,538
6624,Gy,69.7,–
6625,Hermance,345.8,498
6626,Jussy,69.7,1020
6627,Laconnex,102.7,–
6628,Lancy,163.1,778
6629,Meinier,83.6,582
663,Frauenkappelen,77.7,720
6630,Meyrin,60.1,597
6631,Onex,87.5,–
6632,Perly-Certoux,88.9,225
6633,Plan-les-Ouates,143.6,1559
6634,Pregny-Chambésy,142.9,463
6635,Presinge,80.2,592
6636,Puplinge,80.2,–
6637,Russin,57.6,283
6638,Satigny,55.2,1044
6639,Soral,102.7,696
664,Golaten,132.1,370
6640,Thônex,268.6,–
6641,Troinex,72.2,247
6642,Vandoeuvres,119.3,526
6643,Vernier,99.9,767
6644,Versoix,89.2,937
6645,Veyrier,87.2,567
665,Gurbrü,150.5,277
666,Kriechenwil,103,489
667,Laupen,158,651
668,Mühleberg,94.9,2490
669,Münchenwiler,160,400
67,Rafz,148.1,1583
670,Neuenegg,98.5,2155
6701,Bassecourt,48.8,759
6702,Boécourt,53,655
6703,Bourrignon,26.5,359
6704,Châtillon (JU),36.4,193
6705,Corban,49.9,392
6706,Courchapoix,42.4,271
6707,Courfaivre,53.9,668
6708,Courrendlin,66,731
6709,Courroux,59.4,1173
671,Wileroltigen,108.4,451
6710,Courtételle,51.4,698
6711,Delémont,75,1650
6712,Develier,47.3,590
6713,Ederswiler,66.2,219
6714,Glovelier,37.5,537
6715,Mervelier,50.2,490
6716,Mettembert,48.7,113
6717,Montsevelier,53.2,414
6718,Movelier,47.8,386
6719,Pleigne,24.9,443
6720,Rebeuvelier,39.5,332
6721,Rossemaison,97.9,185
6722,Saulcy,38,299
6723,Soulce,29.9,441
6724,Soyhières,37.2,279
6725,Undervelier,46.2,646
6726,Vermes,33.1,605
6727,Vicques,41.5,530
6728,Vellerat,43.1,88
6741,Le Bémont (JU),52.4,612
6742,Les Bois,54.1,1339
6743,Les Breuleux,68.1,736
6744,La Chaux-des-Breuleux,41,166
6745,Les Enfers,28.4,203
6748,Les Genevez (JU),48.9,665
6750,Lajoux (JU),46.1,571
6751,Montfaucon,36.8,671
6753,Muriaux,55.3,934
6754,Le Noirmont,75.7,1544
6757,Saignelégier,43.4,1373
6758,Saint-Brais,30.6,463
6759,Soubey,29,391
6771,Alle,86.6,918
6773,Beurnevésin,68.2,347
6774,Boncourt,71.8,647
6775,Bonfol,93.1,1263
6776,Bressaucourt,43.1,410
6778,Bure,58.3,798
6781,Coeuve,54.2,630
6782,Cornol,75.3,786
6783,Courchavon,49.4,306
6784,Courgenay,59.6,1098
6785,Courtedoux,60.7,499
6787,Damphreux,60.8,344
6789,Fahy,70.6,549
6790,Fontenais,64.8,680
6792,Grandfontaine,52.5,471
6793,Lugnez,57.3,292
68,Rorbas,207.2,916
6800,Porrentruy,195.3,2880
6803,Rocourt,60.9,272
6806,Vendlincourt,70.2,644
6807,Basse-Allaine,53.6,1236
6808,Clos du Doubs,34.4,2123
6809,Haute-Ajoie,48.2,1758
681,Belprahon,32.9,126
6810,La Baroche,69.4,2156
682,Bévilard,51.8,294
683,Champoz,26.5,190
684,Châtelat,36.9,153
687,Corcelles (BE),26.6,180
69,Wallisellen,141.7,911
690,Court,23.6,581
691,Crémines,31.3,297
692,Eschert,31.6,208
694,Grandval,31.7,261
696,Loveresse,48.1,227
697,Malleray,45.9,471
699,Monible,38.9,132
7,Knonau,91.8,594
70,Wasterkingen,110.4,437
700,Moutier,46.8,917
701,Perrefitte,27.5,236
702,Pontenet,44.3,121
703,Reconvilier,43.8,361
704,Roches (BE),30.6,277
706,Saicourt,33.1,456
707,Saules (BE),33.4,143
708,Schelten,14.8,82
709,Seehof,24,202
71,Wil (ZH),104.1,932
710,Sornetan,53,299
711,Sorvilier,45.9,316
712,Souboz,18.7,200
713,Tavannes,45.5,672
715,Rebévelier,31.6,112
72,Winkel,92.5,751
721,Diesse,43,408
722,Lamboing,62.5,569
723,La Neuveville,252.1,1719
724,Nods,30.5,811
725,Prêles,47.4,330
731,Aegerten,159.5,346
732,Bellmund,87.9,334
733,Brügg,90.4,451
734,Bühl,85.9,256
735,Epsach,95.6,324
736,Hagneck,31.7,58
737,Hermrigen,96.2,329
738,Jens,96.9,444
739,Ipsach,103.1,197
740,Ligerz,254.4,458
741,Merzligen,86.8,198
742,Mörigen,94,203
743,Nidau,404,614
744,Orpund,112.6,446
745,Port,92.2,226
746,Safnern,89.7,504
747,Scheuren,80,168
748,Schwadernau,59.9,248
749,Studen (BE),77.2,210
750,Sutz-Lattrigen,100.8,363
751,Täuffelen,171.4,754
754,Walperswil,79.9,556
755,Worben,162.1,454
756,Twann-Tüscherz,90.6,1127
761,Därstetten,31.9,1046
762,Diemtigen,16.5,2150
763,Erlenbach im Simmental,37.3,1370
764,Niederstocken,43.8,240
765,Oberstocken,54.1,223
766,Oberwil im Simmental,30.5,1405
767,Reutigen,70.7,798
768,Spiez,126.7,2115
769,Wimmis,60.6,1353
781,Gadmen,6.3,739
782,Guttannen,2.5,506
783,Hasliberg,31.4,1309
784,Innertkirchen,11.5,1375
785,Meiringen,58.1,2358
786,Schattenhalb,24.3,767
791,Boltigen,27.9,2149
792,Lenk,19.3,2369
793,St. Stephan,23.9,1454
794,Zweisimmen,29.1,2128
8,Maschwanden,123.2,578
81,Bachs,67.6,617
82,Boppelsen,84.3,334
83,Buchs (ZH),111.1,649
84,Dällikon,80.9,364
841,Gsteig,11.3,706
842,Lauenen,11.9,696
843,Saanen,30.3,3629
85,Dänikon,82.9,238
851,Albligen,161.8,694
852,Guggisberg,50.7,5693
853,Rüschegg,50.7,–
854,Wahlern,133.7,5414
86,Dielsdorf,115,674
861,Belp,112,1970
862,Belpberg,87.9,501
863,Burgistein,144.6,1089
865,Gelterfingen,85.7,299
866,Gerzensee,97.8,762
867,Gurzelen,133.3,605
868,Jaberg,205.3,271
869,Kaufdorf,175.7,362
87,Hüttikon,112,178
870,Kehrsatz,105,466
871,Kienersrüti,123,91
872,Kirchdorf (BE),110.8,679
873,Kirchenthurnen,227.2,284
874,Lohnstorf,94.4,170
875,Mühledorf (BE),121.5,277
876,Mühlethurnen,219.1,642
877,Niedermuhlern,114.6,831
878,Noflen,88.6,241
879,Riggisberg,66.8,1994
88,Neerach,130,784
880,Rüeggisberg,88.3,3156
881,Rümligen,103.2,480
883,Seftigen,173.8,676
884,Toffen,141,691
885,Uttigen,105.3,321
886,Wattenwil,158.2,2300
888,Wald (BE),81.7,1085
89,Niederglatt,160.7,580
9,Mettmenstetten,111.5,1450
90,Niederhasli,92.7,1046
901,Eggiwil,47.1,2843
902,Langnau im Emmental,111.3,5385
903,Lauperswil,132.8,2816
904,Röthenbach im Emmental,46.2,1701
905,Rüderswil,147.5,2533
906,Schangnau,29.4,1074
907,Signau,124.6,2750
908,Trub,40.9,2536
909,Trubschachen,44.8,700
91,Niederweningen,117.7,806
92,Oberglatt,90.9,750
921,Amsoldingen,139.7,658
922,Blumenstein,69.4,1077
923,Buchholterberg,113.6,1740
924,Eriz,29.5,642
925,Fahrni,114.8,766
927,Heiligenschwendi,95.9,532
928,Heimberg,199.5,1079
929,Hilterfingen,180.5,509
93,Oberweningen,84.7,419
930,Höfen,98.9,456
931,Homberg,92.2,599
932,Horrenbach-Buchen,17.1,350
934,Oberhofen am Thunersee,268.8,731
935,Oberlangenegg,70.8,646
936,Pohlern,32,316
937,Schwendibach,90.7,136
938,Sigriswil,55.1,3056
939,Steffisburg,237,3166
94,Otelfingen,80.2,575
940,Teuffenthal (BE),56.1,254
941,Thierachern,106.8,803
942,Thun,278.9,6019
943,Uebeschi,148.2,652
944,Uetendorf,152.3,1546
945,Unterlangenegg,179.2,1220
946,Wachseldorn,98.6,347
947,Zwieselberg,104.9,257
948,Forst-Längenbühl,126.1,566
95,Regensberg,144.7,343
951,Affoltern im Emmental,99,1140
952,Dürrenroth,101.8,1438
953,Eriswil,173.7,1973
954,Huttwil,197.1,3398
955,Lützelflüh,127.6,3433
956,Rüegsau,152.1,2294
957,Sumiswald,93.8,5564
958,Trachselwald,107.5,1717
959,Walterswil (BE),107.5,850
96,Regensdorf,82.2,1201
960,Wyssachen,184.9,2163
97,Rümlang,72.7,904
971,Attiswil,126.3,965
972,Berken,55.4,77
973,Bettenhausen,218.7,433
974,Bollodingen,139.8,274
975,Farnern,72.6,268
976,Graben,102.9,325
977,Heimenhausen,137.6,805
978,Hermiswil,149,155
979,Herzogenbuchsee,194.3,1910
98,Schleinikon,92.1,523
980,Inkwil,125,420
981,Niederbipp,134.5,2337
982,Niederönz,155.4,435
983,Oberbipp,94.6,801
985,Ochlenberg,90.1,1093
987,Rumisberg,91.5,471
988,Seeberg,124.1,1954
989,Thörigen,158.9,718
99,Schöfflisdorf,111.2,446
990,Walliswil bei Niederbipp,137.8,204
991,Walliswil bei Wangen,185.3,567
992,Wangen an der Aare,185.1,968
993,Wangenried,142.6,415
995,Wiedlisbach,123.2,924
996,Wolfisberg,116.8,285
